﻿<catalog issue="spring" date="2015-04-15">
    <book id="bk101">
        <title>Some Great Book</title>
        <genre>Great Books</genre>
        <author>Jon Smith</author>
        <publish_date>2001-12-28</publish_date>
        <price>23.39</price>
        <description>This is a great book!</description>
    </book>
    <cd id="cd101">
        <title>Sad Music</title>
        <genre>Sad</genre>
        <artist>Emo Jones</artist>
        <publish_date>2010-11-23</publish_date>
        <price>15.25</price>
        <description>This music is so sad!</description>
    </cd>
    <map id="map101">
        <title>Good CD</title>
        <location>North America</location>
        <author>Joey Bagadonuts</author>
        <publish_date>2013-02-02</publish_date>
        <price>102.95</price>
        <description>Trail map of North America</description>
    </map>
</catalog>
